
{
    "day": {
        "Gods Unchained": 29.476238325800136,
        "Guild of Guardians Heroes": 10.494733899999991,
        "IMX Kongz": 37.601723,
        "Guild of Guardians Pets": 9.492319898899993,
        "Immutable Apes X": 7.326859000000002,
        "Bad Grandpa": 0.878609,
        "Bad Grandma": 2.149798,
        "IMX Punks": 2.41599,
        "Astrobros": 0.6044989999999999,
        "The Doge Pound Halloween": 1.7539700000000003,
        "Battle Catz": 2.3533010000000005,
        "Land Loot": 0.1268,
        "Guild of Guardians Other": 6.5033900000000004,
        "Moonshot Garage Project": 3.114499999999999,
        "Oh My Giraffe!": 0.3494499999999999,
        "IMX Apes": 0.621999,
        "Bloock.Art Selected": 0.37399,
        "CryptoCrappies": 0.07191815,
        "Swift Mint: Images": 0.009999,
        "GeekPandaz": 0.6118,
        "Angry Orc Club": 0.1182,
        "IMX Chibi Club": 0.123,
        "Last Dragons": 0.245412,
        "IMX Toadz": 0.088,
        "Baby Krows": 1.0967299999999998,
        "Kolex": 0.006810999999999999,
        "Moody Krows": 1.468431,
        "Battle Factions": 0.28,
        "Lucky Dog Club": 0.029899999999999996,
        "Zombie Squirrels": 0.26458
    },
    "week": {
        "Gods Unchained": 132.5168815147966,
        "Guild of Guardians Heroes": 162.6699592122987,
        "IMX Kongz": 37.601723,
        "Guild of Guardians Pets": 157.3722104668997,
        "Immutable Apes X": 11.183249,
        "Bad Grandpa": 16.989498,
        "Bad Grandma": 30.991150999999974,
        "IMX Punks": 25.89374099999999,
        "Astrobros": 10.589366000000007,
        "The Doge Pound Halloween": 19.935077000000014,
        "Battle Catz": 22.496085,
        "Land Loot": 2.7521790000000004,
        "Guild of Guardians Other": 43.24974800000001,
        "Moonshot Garage Project": 19.21766199999999,
        "Oh My Giraffe!": 7.01906899,
        "IMX Apes": 11.749896999999999,
        "Bloock.Art Selected": 1.18659,
        "CryptoCrappies": 0.53169815,
        "Swift Mint: Images": 0.080998,
        "GeekPandaz": 45.578313000000094,
        "Angry Orc Club": 3.087249999999999,
        "IMX Chibi Club": 0.49867,
        "Last Dragons": 7.234018999999997,
        "IMX Toadz": 4.0275300000000005,
        "Baby Krows": 26.65453799999999,
        "Kolex": 0.054469000000000226,
        "Moody Krows": 56.3055590000001,
        "Battle Factions": 4.607865999999998,
        "Lucky Dog Club": 0.3900990000000001,
        "Zombie Squirrels": 6.639700999999999,
        "CollegeKids": 1.2269000000000005,
        "NFTrack": 0.05,
        "ToonCars Garage 1": 0.36780000000000007,
        "Photocentra.com": 0.005526,
        "TikTok Top Moments": 8.0771,
        "Short Bear Cubs": 1.2894990000000006,
        "Unfamiliar Territory Founder Series": 0.52,
        "The Painter": 0.46590000000000004,
        "QuacksNFT": 0.4297,
        "Friendly Neighbourhood Buds": 0.8,
        "Droplt": 0.0696,
        "Narcoz": 0.035,
        "Kolectiv": 0.049
    },
    "all": {
        "Gods Unchained": 4021.2345560507497,
        "Guild of Guardians Heroes": 1511.089664305265,
        "Immutable Apes X": 9.732806,
        "The Doge Pound Halloween": 273.1190549999992,
        "Guild of Guardians Pets": 170.83934356789985,
        "Astrobros": 1953.6795498994554,
        "Bad Grandpa": 16.46788799999999,
        "Bad Grandma": 394.0432210000026,
        "IMX Kongz": 28.899603000000017,
        "GeekPandaz": 45.34241300000009,
        "Kolex": 0.7480669999999998,
        "Guild of Guardians Other": 551.1657750000008,
        "Moonshot Garage Project": 635.5475429000023,
        "Baby Krows": 29.912740000000003,
        "Battle Factions": 6.214865999999995,
        "Angry Orc Club": 130.7288719999995,
        "Oh My Giraffe!": 33.634079990000004,
        "Last Dragons": 99.41642,
        "IMX Punks": 131.16364999999968,
        "Zombie Squirrels": 5.881131,
        "Battle Catz": 65.15075900000022,
        "Moody Krows": 4928.579353099849,
        "IMX Chibi Club": 3.021648000000001,
        "Lucky Dog Club": 46.30250500000008,
        "Bloock.Art Selected": 3.1986000000000003,
        "Land Loot": 595.3781370000004,
        "IMX Apes": 66.43538900000003,
        "IMX Toadz": 34.649044000000025,
        "CollegeKids": 7.949019999999997,
        "ToonCars Garage 1": 4.853889999999999,
        "Photocentra.com": 1.7023929999999754,
        "TikTok Top Moments": 133.66079000000002,
        "Short Bear Cubs": 2.346899000000001,
        "Unfamiliar Territory Founder Series": 28.3163,
        "CryptoCrappies": 64.40172300000025,
        "The Painter": 10.487819,
        "Swift Mint: Images": 32.64392899900037,
        "QuacksNFT": 9.611692999999986,
        "Friendly Neighbourhood Buds": 56.11679999999987,
        "Droplt": 0.0706,
        "Narcoz": 10.9527379,
        "Kolectiv": 42.50278900000002
    },
    "changeDay": {
        "Immutable Apes X": 89.99268746158975,
        "Gods Unchained": 61.86219840508792,
        "Bad Grandma": 35.40422589058687,
        "Baby Krows": -43.100907911802864,
        "Oh My Giraffe!": -27.918729372937307,
        "Guild of Guardians Heroes": -28.370667184181997,
        "Battle Catz": 19.45084005888029,
        "Moody Krows": -73.86667981254313,
        "Zombie Squirrels": -79.23543584551754,
        "Bad Grandpa": -29.058619297537334,
        "Guild of Guardians Pets": 70.25565855753464,
        "Astrobros": -54.165731529782875,
        "GeekPandaz": 10.733031674208164,
        "IMX Punks": -15.703468977108358,
        "Lucky Dog Club": -58.4144645340751,
        "Land Loot": -50.6612866197923,
        "IMX Toadz": -78.66666666666667,
        "IMX Apes": -59.790587491491046,
        "IMX Chibi Club": 22.656561627443125,
        "The Doge Pound Halloween": -6.813762471974599,
        "Guild of Guardians Other": 152.04007285974504,
        "Battle Factions": -63.963963963963955,
        "Moonshot Garage Project": 47.729229327275846,
        "Last Dragons": 8.349668874172167,
        "Angry Orc Club": 4.140969162995589,
        "CollegeKids": null,
        "NFTrack": null,
        "ToonCars Garage 1": null,
        "Kolex": -66.53893392286908
    },
    "changeWeek": {
        "Gods Unchained": -54.789990520607596,
        "Guild of Guardians Heroes": -26.289513387236468,
        "IMX Kongz": 0,
        "Guild of Guardians Pets": -11.259299385305496,
        "Immutable Apes X": 0,
        "Bad Grandpa": 0,
        "Bad Grandma": -68.09578514648672,
        "IMX Punks": -80.54479404241279,
        "Astrobros": -76.87464044628194,
        "The Doge Pound Halloween": -86.24806964102397,
        "Battle Catz": -67.4005760088942,
        "Land Loot": -69.56994245422354,
        "Guild of Guardians Other": -29.048114123976163,
        "Moonshot Garage Project": -72.02294223141118,
        "Oh My Giraffe!": -79.21635566397342,
        "IMX Apes": -76.40163326229997,
        "Bloock.Art Selected": -54.23148280291139,
        "CryptoCrappies": -61.322496611342075,
        "Swift Mint: Images": -86.01896634457712,
        "GeekPandaz": -1.4210854715202004e-14,
        "Angry Orc Club": -70.56659062777702,
        "IMX Chibi Club": -71.55203888369122,
        "Last Dragons": -92.72984337788156,
        "IMX Toadz": -77.01163005935152,
        "Baby Krows": -12.007240257575205,
        "Kolex": -92.71870033031797,
        "Moody Krows": -70.03787535742596,
        "Battle Factions": -25.85735557291177,
        "Lucky Dog Club": -79.20004478853413,
        "Zombie Squirrels": 0,
        "CollegeKids": -79.85137742743358,
        "NFTrack": 0,
        "ToonCars Garage 1": -76.29833933715258,
        "Photocentra.com": -95.41395564998008,
        "TikTok Top Moments": -58.59362584521375,
        "Short Bear Cubs": -45.05519837027498,
        "Unfamiliar Territory Founder Series": -70.11494252873564,
        "The Painter": -77.73902240909743,
        "QuacksNFT": -91.18934421204297,
        "Friendly Neighbourhood Buds": 0,