{
  "day": {
    "Gods Unchained": 15.348395676999703,
    "IMX Punks": 38.28686199999999,
    "Guild of Guardians Heroes": 9.932133438999973,
    "GreenPark": 1.6773,
    "Guild of Guardians Pets": 5.414866670000004,
    "Battle Factions": 0.017,
    "The Doge Pound Halloween": 0.5794,
    "Astrobros": 0.5458999999999999,
    "Foreign Fuels": 0.8526000000000002,
    "Battle Catz": 0.8297000000000001,
    "IMX Apes": 2.5943899999999993,
    "Bloock.Art Selected": 0.24439899999999998,
    "Bad Grandpa": 0.32989000000000007,
    "Bad Grandma": 1.3147799999999998,
    "Oh my GA$": 0.0352380952,
    "Zombie Squirrels": 0.8814000000000001,
    "Immutable Apes X": 3.217752,
    "IMX Toadz": 0.05,
    "Last Dragons": 0.7439999999999999,
    "Moody Krows": 2.558,
    "Moonshot Garage Project": 1.4769,
    "IMX Kongz": 3.7258999999999998,
    "QuacksNFT": 0.035,
    "Land Loot": 0.08499999999999999,
    "GeekPandaz": 0.155,
    "Oh My Giraffe!": 0.1975,
    "Nifty Nuggets": 7.4,
    "Swift Mint: Images": 0.000001,
    "Guild of Guardians Other": 2.7491999999999996,
    "Lucky Dog Club": 0.023999,
    "Baby Krows": 0.20750000000000002,
    "IMX Chibi Club": 0.005,
    "Angry Orc Club": 0.015,
    "Stage": 0.06,
    "Kolex": 0.002219
  },
  "week": {
    "Gods Unchained": 181.62559629398245,
    "IMX Punks": 132.64063999999968,
    "Guild of Guardians Heroes": 99.47093611350128,
    "GreenPark": 6.769202999999994,
    "Guild of Guardians Pets": 52.541754537799974,
    "Battle Factions": 1.8840000000000003,
    "The Doge Pound Halloween": 12.41878,
    "Astrobros": 8.363355000000002,
    "Foreign Fuels": 5.936879,
    "Battle Catz": 20.764361000000008,
    "IMX Apes": 11.868187900000004,
    "Bloock.Art Selected": 5.614298999999995,
    "Bad Grandpa": 8.30960799999999,
    "Bad Grandma": 11.75392699999999,
    "Oh my GA$": 0.0352380952,
    "Zombie Squirrels": 4.541570000000001,
    "Immutable Apes X": 29.855247999999996,
    "IMX Toadz": 1.7983749999999998,
    "Last Dragons": 3.642802,
    "Moody Krows": 22.320255000000003,
    "Moonshot Garage Project": 15.467414000000003,
    "IMX Kongz": 142.88524,
    "QuacksNFT": 0.4434,
    "Land Loot": 2.9208489999999987,
    "GeekPandaz": 2.9928999999999997,
    "Oh My Giraffe!": 2.0116400000000003,
    "Nifty Nuggets": 7.4,
    "Swift Mint: Images": 0.009999999999999998,
    "Guild of Guardians Other": 33.29336999999999,
    "Lucky Dog Club": 0.4364990000000002,
    "Baby Krows": 6.463630000000001,
    "IMX Chibi Club": 0.38503600000000004,
    "Angry Orc Club": 1.1885500000000004,
    "Stage": 0.09,
    "Kolex": 0.299475,
    "Short Bear Cubs": 0.194,
    "Narcoz": 0.10800000000000001,
    "CollegeKids": 0.5652090000000001,
    "Unfamiliar Territory Founder Series": 0.38,
    "Confidential Comrades IMX": 0.263,
    "CULTIS": 0.7870909149999997,
    "ToonCars Garage 1": 0.18099,
    "Photocentra.com": 0.2706859999999999,
    "CryptoCrappies": 0.35491815000000004,
    "TikTok Top Moments": 1.4,
    "The Painter": 0.06,
    "Droplt": 5.3092687000000005,
    "NFTrack": 0.055
  },
  "all": {
    "Gods Unchained": 4190.692496646402,
    "IMX Punks": 209.12794100000002,
    "QuacksNFT": 9.86009299999999,
    "Foreign Fuels": 4.470670000000001,
    "Bad Grandma": 401.63450100000233,
    "CollegeKids": 8.102229999999999,
    "Moonshot Garage Project": 644.4308219000015,
    "Guild of Guardians Pets": 202.59696844579966,
    "IMX Kongz": 133.77883999999997,
    "Guild of Guardians Heroes": 1577.1902866356597,
    "Immutable Apes X": 25.132596000000003,
    "Bad Grandpa": 22.037406999999988,
    "Astrobros": 1958.8197248994547,
    "The Doge Pound Halloween": 281.7317449999995,
    "Angry Orc Club": 131.83272199999968,
    "Lucky Dog Club": 46.64780500000009,
    "Baby Krows": 33.20174,
    "Moody Krows": 4943.356609099847,
    "Bloock.Art Selected": 6.689571,
    "Last Dragons": 101.46012200000004,
    "IMX Apes": 75.19628789999982,
    "Battle Catz": 84.50483400000012,
    "Land Loot": 598.1630860000002,
    "Guild of Guardians Other": 574.5881550000005,
    "GeekPandaz": 47.09591300000005,
    "Kolex": 1.0170059999999947,
    "Confidential Comrades IMX": 0.263,
    "IMX Chibi Club": 3.2617480000000008,
    "CULTIS": 0.5449090949999998,
    "IMX Toadz": 36.61591900000003,
    "GreenPark": 1.9584030000000001,
    "ToonCars Garage 1": 5.000879999999998,
    "Oh My Giraffe!": 34.71096999,
    "Battle Factions": 6.962365999999997,
    "Narcoz": 11.080737900000003,
    "Zombie Squirrels": 8.481600999999998,
    "Short Bear Cubs": 2.5638990000000006,
    "Photocentra.com": 2.303056999999969,
    "CryptoCrappies": 64.91164115000012,
    "TikTok Top Moments": 137.66079,
    "The Painter": 10.744819,
    "Droplt": 5.3798687,
    "NFTrack": 0.055,
    "Stage": 0.03,
    "Swift Mint: Images": 32.65392799900037,
    "Unfamiliar Territory Founder Series": 28.3963,
    "Kolectiv": 42.627789000000014,
    "Friendly Neighbourhood Buds": 56.11679999999987
  },
  "changeDay": {
    "Gods Unchained": -30.49537439121248,
    "Battle Catz": -59.143173704296444,
    "Kolex": 286.5853658536585,
    "IMX Punks": 75.04954161745022,
    "Astrobros": -55.433096579312604,
    "Land Loot": -59.50452596474512,
    "Foreign Fuels": -63.062110329308695,
    "IMX Kongz": -52.77034821077719,
    "Bad Grandpa": -68.37165155030584,
    "Guild of Guardians Pets": -5.6543010066053085,
    "Oh My Giraffe!": 129.65116279069767,
    "Guild of Guardians Heroes": -20.389003033145528,
    "Guild of Guardians Other": -14.517583408476128,
    "Immutable Apes X": 152.98980257726686,
    "Bloock.Art Selected": -68.58257199749586,
    "Angry Orc Club": -93.5594675826535,
    "IMX Apes": 172.23399790136403,
    "GeekPandaz": -40.74923547400611,
    "Bad Grandma": -14.239309103243187,
    "Moody Krows": 59.27770859277709,
    "Short Bear Cubs": null,
    "Last Dragons": 36.84016921096193,
    "The Doge Pound Halloween": -27.110328343187817,
    "GreenPark": 20.521664151756866,
    "Zombie Squirrels": 209.26315789473682,
    "Moonshot Garage Project": -44.68717487002292,
    "IMX Toadz": -65.27777777777777,
    "Narcoz": null,
    "Battle Factions": -89.47368421052632,
    "Baby Krows": -64.85433604336043,
    "IMX Chibi Club": -88.3330222139257,
    "QuacksNFT": -67.28971962616822,
    "CollegeKids": null,
    "Unfamiliar Territory Founder Series": null,
    "Lucky Dog Club": -36.844736842105256,
    "Confidential Comrades IMX": null,
    "CULTIS": null
  },
  "changeWeek": {
    "Moonshot Garage Project": -37.66681699790515,
    "Gods Unchained": 37.746988886519176,
    "Baby Krows": -76.29548866031408,
    "Guild of Guardians Heroes": -40.88799543079264,
    "The Doge Pound Halloween": -62.04427490444274,
    "Bad Grandma": -72.9544868633094,
    "Bad Grandpa": -45.06548787023788,
    "IMX Punks": 237.20329704118927,
    "GeekPandaz": -93.2613610033392,
    "Guild of Guardians Other": -19.903741211293564,
    "Guild of Guardians Pets": -67.77110748305805,
    "Battle Catz": -68.62115605455114,
    "Moody Krows": -72.73345627162736,
    "Oh My Giraffe!": -77.52010670866656,
    "Kolex": -43.85419244527436,
    "IMX Apes": -28.613687489169337,
    "TikTok Top Moments": -90.67046067932374,
    "IMX Chibi Club": 17.78763498424547,
    "Battle Factions": -64.1611560956661,
    "Zombie Squirrels": -12.06910605388532,
    "Short Bear Cubs": -92.11029001191184,
    "Last Dragons": -75.67991939421215,
    "Angry Orc Club": -70.23950370043745,
    "IMX Toadz": -69.03165758015136,
    "Photocentra.com": 4797.52125927266,
    "Astrobros": -35.774635751743475,
    "Lucky Dog Club": -3.5359194163964673,
    "The Painter": -94.22243620606645,
    "CryptoCrappies": -64.53581160276144,
    "Land Loot": -24.626169309575133,
    "ToonCars Garage 1": -70.6084866594131,
    "CollegeKids": -41.1179289509324,
    "Kolectiv": null,
    "GreenPark": 33746.01499999997,
    "Unfamiliar Territory Founder Series": -60.416666666666664,
    "Bloock.Art Selected": 230.33060720169414,