{"day":{"Gods Unchained":31.816236074999384,"Highrise Creature Club":316.87246500000106,"Guild of Guardians Heroes":3.376585269999992,"Guild of Guardians Pets":1.1720772000000002,"Immutable Apes X":10.397039000000007,"IMX Bears":0.38798999999999995,"Astrobros":0.8424000000000003,"Kolex":0.005932000000000001,"IMX Kaijuz":1.1795,"IMX Punks":1.4360650000000004,"Moody Krows":12.395180000000003,"Bad Grandma":0.62468,"The Doge Pound Halloween":1.4434300000000004,"IMX Apes":0.48656900000000014,"Pixel Degen Gang":0.128,"Bad Grandpa":0.24850000000000003,"Utopian Unicorns":1.090999,"Baby Krows":1.9339039999999996,"IMX Kongz":1.2389999999999999,"Last Dragons":0.167,"Guild of Guardians Other":3.016399999999999,"Moonshot Garage Project":1.4719,"GeekPandaz":0.1394,"Confidential Comrades IMX":0.1142,"Oh My Giraffe!":0.06,"Battle Catz":0.31240000000000007,"Foreign Fuels":0.17300000000000001,"Baby Ape Mining Club":0.331,"Lucky Dog Club":0.02699,"Bad Baby Daycare":0.082,"Photocentra.com":0.128,"GreenPark":1.1929999999999998,"Angry Orc Club":0.028999999999999998,"50ETHcat":0.049199999999999994,"Land Loot":0.15259,"QuacksNFT":0.0419,"CryptoXolos":0.04,"CollegeKids":0.039,"100 Immutable Rocks":0.14,"Battle Factions":0.02},"week":{"Gods Unchained":152.93383604859727,"Highrise Creature Club":673.5006729999997,"Guild of Guardians Heroes":49.20764604100024,"Guild of Guardians Pets":25.18194879799998,"Immutable Apes X":124.97071700000012,"IMX Bears":6.957974999999998,"Astrobros":10.775747000000003,"Kolex":0.042334840000000006,"IMX Kaijuz":2.1409000000000007,"IMX Punks":31.82999399999996,"Moody Krows":37.576008124999994,"Bad Grandma":6.084268999999999,"The Doge Pound Halloween":8.738708999999997,"IMX Apes":6.478426199999996,"Pixel Degen Gang":0.70556,"Bad Grandpa":1.7092873750000006,"Utopian Unicorns":8.664935999999994,"Baby Krows":4.851293999999997,"IMX Kongz":18.793300000000002,"Last Dragons":6.5050190000000025,"Guild of Guardians Other":15.045899999999989,"Moonshot Garage Project":12.632247999999999,"GeekPandaz":1.0386000000000002,"Confidential Comrades IMX":0.70841,"Oh My Giraffe!":1.2802500000000003,"Battle Catz":3.5084379999999995,"Foreign Fuels":3.585533560000001,"Baby Ape Mining Club":6.783839999999998,"Lucky Dog Club":0.13689,"Bad Baby Daycare":0.082,"Photocentra.com":0.128,"GreenPark":4.310748999999998,"Angry Orc Club":1.2300600000000004,"50ETHcat":2.5109090000000003,"Land Loot":1.2019990000000003,"QuacksNFT":0.15589999999999998,"CryptoXolos":5.336067999999997,"CollegeKids":0.123,"100 Immutable Rocks":2.69,"Battle Factions":1.1820000000000002,"Wild Turtles":1.274891,"Narcoz":0.07,"ChainVille - Chaintectives":0.9216959999999997,"CryptoCrappies":0.12468,"Zombie Squirrels":2.79225,"TikTok Top Moments":2.6,"IMX Chibi Club":0.10450000000000002,"Short Bear Cubs":0.16699999999999998,"IMX Toadz":1.3242,"Nifty Nuggets":12.872300000000001,"Unfamiliar Territory Founder Series":0.25,"Rancid Royalty":0.05,"ToonCars Garage 1":0.067,"Cat Club":0.7549999999999999,"Friendly Neighbourhood Buds":0.888,"CULTIS":0.04,"Immutable Ice Creams":0.135,"Oh my GA$":0.033,"Swift Mint: Images":22.824402000000003,"Kolectiv":0.275,"Stage":0.0302,"The Painter":0.02},"all":{"Gods Unchained":4472.310111692165,"Highrise Creature Club":673.5006729999997,"Guild of Guardians Heroes":1664.0773980146314,"Guild of Guardians Pets":248.31599601279936,"Immutable Apes X":226.12432300000006,"IMX Bears":6.957974999999998,"Astrobros":1974.621711899454,"Kolex":1.4110627199999888,"IMX Kaijuz":2.1409000000000007,"IMX Punks":321.0654349999996,"Moody Krows":4987.959167224843,"Bad Grandma":412.1654300000018,"The Doge Pound Halloween":294.5124929999996,"IMX Apes":86.66680409999984,"Pixel Degen Gang":0.70556,"Bad Grandpa":25.55038437499996,"Utopian Unicorns":8.664935999999994,"Baby Krows":39.11243399999995,"IMX Kongz":168.78353999999996,"Last Dragons":111.40074100000012,"Guild of Guardians Other":603.5851450000011,"Moonshot Garage Project":661.299235900001,"GeekPandaz":48.63351300000005,"Confidential Comrades IMX":1.02141,"Oh My Giraffe!":37.660529989999986,"Battle Catz":91.1112220000001,"Foreign Fuels":10.899751559999997,"Baby Ape Mining Club":16.473738999999984,"Lucky Dog Club":46.99959400000009,"Bad Baby Daycare":0.082,"Photocentra.com":2.610871999999964,"GreenPark":13.371352000000002,"Angry Orc Club":133.82868199999967,"50ETHcat":2.5109090000000003,"Land Loot":599.824955,"QuacksNFT":10.448992999999989,"CryptoXolos":5.336067999999997,"CollegeKids":8.515229,"100 Immutable Rocks":2.69,"Battle Factions":8.857465999999997,"Wild Turtles":1.274891,"Narcoz":11.525637900000001,"ChainVille - Chaintectives":0.9216959999999997,"CryptoCrappies":65.07320115000012,"Zombie Squirrels":14.473251000000001,"TikTok Top Moments":141.74878999999996,"IMX Chibi Club":3.6056340000000007,"Short Bear Cubs":3.0078990000000005,"IMX Toadz":39.21251900000008,"Nifty Nuggets":25.7723,"Unfamiliar Territory Founder Series":28.9463,"Rancid Royalty":0.05,"ToonCars Garage 1":5.2193799999999975,"Cat Club":0.7549999999999999,"Friendly Neighbourhood Buds":59.55479999999988,"CULTIS":1.2509090999999997,"Immutable Ice Creams":0.135,"Oh my GA$":0.17383809520000004,"Swift Mint: Images":55.47833099900127,"Kolectiv":43.29378900000001,"Stage":0.8102000000000005,"The Painter":10.863719000000001,"NFTrack":0.1,"Droplt":5.3798687},"changeDay":{"Gods Unchained":58.516231032157975,"Highrise Creature Club":-11.147672031596187,"Utopian Unicorns":-50.67171976808906,"Wild Turtles":null,"IMX Kaijuz":22.685666736009964,"Guild of Guardians Pets":-80.4114867765187,"Guild of Guardians Heroes":-52.510452633718096,"Oh My Giraffe!":-76.83397683397683,"IMX Apes":-38.18912841880611,"Moody Krows":153.1488440486889,"Baby Ape Mining Club":-80.43018127209734,"Moonshot Garage Project":-2.314870120389159,"Immutable Apes X":-52.25312992946005,"QuacksNFT":-2.5581395348837077,"50ETHcat":-88.09722534710379,"Narcoz":null,"IMX Bears":-48.64460622104567,"Last Dragons":-83.13131313131314,"The Doge Pound Halloween":-27.454856237048887,"Astrobros":-69.6659691712047,"Guild of Guardians Other":487.3167312447671,"IMX Punks":-15.931539993057086,"Land Loot":-68.13134256039464,"CryptoXolos":-90.78319776953386,"ChainVille - Chaintectives":null,"Bad Grandpa":-5.527676399026774,"Bad Grandma":-54.69360816367976,"IMX Kongz":-59.23000987166833,"GeekPandaz":-13.146417445482868,"Battle Catz":-39.24991929806819,"GreenPark":553.6986301369864,"Angry Orc Club":-84.61456841211735,"CryptoCrappies":null,"Confidential Comrades IMX":84.19354838709677,"Zombie Squirrels":null,"Baby Krows":285.3165969316597,"Kolex":182.47619047619048,"Foreign Fuels":-52.27717856059143,"TikTok Top Moments":null,"Lucky Dog Club":42.05263157894737,"IMX Chibi Club":null,"Battle Factions":-87.34177215189874,"Short Bear Cubs":null,"CollegeKids":-11.36363636363636,"Pixel Degen Gang":580.8510638297872,"IMX Toadz":null,"100 Immutable Rocks":-94.50980392156863},"changeWeek":{"Gods Unchained":-26.655946942416648,"Immutable Apes X":23.545488828149715,"IMX Punks":-79.71199569432744,"Guild of Guardians Pets":-55.42890488761565,"Nifty Nuggets":-0.21472868217054497,"Foreign Fuels":-50.97857952825575,"Guild of Guardians Heroes":-48.65654860777463,"GreenPark":-52.31790401591574,"Astrobros":1.4052904954305632,"Zombie Squirrels":-46.325283487467715,"IMX Kongz":-87.47031806869568,"IMX Apes":-48.230526239319325,"IMX Toadz":-50.94238267682988,"Bad Grandma":-51.28780572475877,"Kolectiv":30.952380952380963,"Baby Krows":-18.302664306776776,"Moody Krows":72.31322114816908,"The Doge Pound Halloween":-30.029868208521634,"Battle Catz":-82.76879956697526,"Battle Factions":-40.10944466963925,"Bad Grandpa":-78.0218379783593,"Guild of Guardians Other":-58.93671419479293,"Moonshot Garage Project":-15.63002569052685,"Land Loot":-58.4488837881375,"Last Dragons":38.236951681173224,"Baby Ape Mining Club":2.4548204211892397,"QuacksNFT":-75.50282840980516,"Oh My Giraffe!":-57.68258218057411,"GeekPandaz":-64.68428032235029,"Lucky Dog Club":-75.92080197150744,"Kolex":-93.12551788177528,