{
    "day": {
        "Guild of Guardians Heroes": 20.910294241800056,
        "Gods Unchained": 16.424964922199923,
        "Guild of Guardians Pets": 30.718364908999938,
        "Guild of Guardians Other": 16.235708999999996,
        "Bad Grandma": 3.095716,
        "Battle Catz": 1.7080259999999998,
        "Baby Krows": 2.896100000000001,
        "Bad Grandpa": 1.9972900000000002,
        "Astrobros": 2.1954990000000003,
        "The Doge Pound Halloween": 3.1065900000000006,
        "GeekPandaz": 5.008606,
        "Battle Factions": 1.0048990000000002,
        "Short Bear Cubs": 0.06,
        "IMX Punks": 2.92679,
        "Moody Krows": 4.2219999999999995,
        "IMX Chibi Club": 0.14199999999999996,
        "Zombie Squirrels": 0.5800000000000001,
        "Angry Orc Club": 0.35678,
        "Moonshot Garage Project": 1.931714,
        "Last Dragons": 1.5994,
        "IMX Apes": 1.2659999999999998,
        "ToonCars Garage 1": 0.0913,
        "Lucky Dog Club": 0.07250000000000001,
        "TikTok Top Moments": 3.398,
        "Oh My Giraffe!": 0.49905,
        "Land Loot": 0.3358,
        "Kolex": 0.018375,
        "CryptoCrappies": 0.3679,
        "IMX Toadz": 0.2905,
        "The Painter": 0.125,
        "Photocentra.com": 0.001526,
        "Droplt": 0.0348,
        "Swift Mint: Images": 0.0001
    },
    "week": {
        "Guild of Guardians Heroes": 149.9695020650998,
        "Gods Unchained": 109.78860567979937,
        "Guild of Guardians Pets": 149.62997057800135,
        "Guild of Guardians Other": 39.0304879999999,
        "Bad Grandma": 46.862794000000136,
        "Battle Catz": 62.362398000000184,
        "Baby Krows": 25.659831000000015,
        "Bad Grandpa": 12.763808999999982,
        "Astrobros": 13.648887999999992,
        "The Doge Pound Halloween": 38.118382000000025,
        "GeekPandaz": 43.882033000000064,
        "Battle Factions": 4.571866,
        "Short Bear Cubs": 2.346899000000001,
        "IMX Punks": 41.82916900000001,
        "Moody Krows": 86.69289499999995,
        "IMX Chibi Club": 0.44300000000000006,
        "Zombie Squirrels": 4.044931000000001,
        "Angry Orc Club": 4.077016999999999,
        "Moonshot Garage Project": 26.61999299999998,
        "Last Dragons": 17.885966999999997,
        "IMX Apes": 16.3366,
        "ToonCars Garage 1": 0.5362899999999999,
        "Lucky Dog Club": 0.5911990000000001,
        "TikTok Top Moments": 10.156900000000002,
        "Oh My Giraffe!": 8.591898989999999,
        "Land Loot": 3.41755,
        "Kolex": 0.6798349999999999,
        "CryptoCrappies": 0.900279,
        "IMX Toadz": 6.784139000000004,
        "The Painter": 1.3324000000000003,
        "Photocentra.com": 0.002159,
        "Swift Mint: Images": 0.46689499999999995,
        "CollegeKids": 2.484899999999999,
        "Bloock.Art Selected": 1.5486,
        "Friendly Neighbourhood Buds": 0.8,
        "Unfamiliar Territory Founder Series": 0.88,
        "QuacksNFT": 1.3978400000000004,
        "Droplt": 0.0358,
        "Narcoz": 0.6119800000000001,
        "Kolectiv": 0.7300000000000002
    },
    "all": {
        "Guild of Guardians Heroes": 161.04324506509957,
        "Gods Unchained": 163.11157018938633,
        "Guild of Guardians Pets": 149.62997057800135,
        "Guild of Guardians Other": 44.78031599999989,
        "Bad Grandma": 61.090823000000164,
        "Battle Catz": 62.362398000000184,
        "Baby Krows": 25.659831000000015,
        "Bad Grandpa": 12.763808999999982,
        "Astrobros": 27.183946000000002,
        "The Doge Pound Halloween": 76.20331800000011,
        "GeekPandaz": 43.882033000000064,
        "Battle Factions": 4.571866,
        "Short Bear Cubs": 2.346899000000001,
        "IMX Punks": 97.60816399999976,
        "Moody Krows": 131.61778499999986,
        "IMX Chibi Club": 0.6940000000000002,
        "Zombie Squirrels": 4.044931000000001,
        "Angry Orc Club": 6.903566999999999,
        "Moonshot Garage Project": 42.203242999999915,
        "Last Dragons": 51.291235999999984,
        "IMX Apes": 28.846178999999964,
        "ToonCars Garage 1": 0.96029,
        "Lucky Dog Club": 0.8741990000000003,
        "TikTok Top Moments": 11.906900000000002,
        "Oh My Giraffe!": 13.86199898999999,
        "Land Loot": 5.594529999999999,
        "Kolex": 0.6815369999999998,
        "CryptoCrappies": 0.9912790000000001,
        "IMX Toadz": 9.592489000000008,
        "The Painter": 1.4124000000000003,
        "Photocentra.com": 0.042359,
        "Swift Mint: Images": 0.519343,
        "CollegeKids": 3.2787999999999995,
        "Bloock.Art Selected": 1.5486,
        "Friendly Neighbourhood Buds": 0.8,
        "Unfamiliar Territory Founder Series": 0.88,
        "QuacksNFT": 2.1402400000000004,
        "Droplt": 0.0358,
        "Narcoz": 0.6509800000000001,
        "Kolectiv": 1.215
    },
    "changeDay": {
        "Guild of Guardians Pets": 88.87680144645654,
        "Gods Unchained": -19.13225968148886,
        "Guild of Guardians Heroes": -7.718055437707008,
        "Bad Grandpa": -50.9378669299965,
        "Bad Grandma": -3.122338045182474,
        "Guild of Guardians Other": 450.8858916938109,
        "Last Dragons": -17.557125994195943,
        "Moody Krows": -64.70958968002083,
        "Battle Catz": -55.354934629170614,
        "Land Loot": -62.36607342986507,
        "Oh My Giraffe!": -62.895910780669155,
        "Baby Krows": -8.400544011133235,
        "The Doge Pound Halloween": 0.0428627692569421,
        "IMX Punks": -14.382667023553054,
        "Astrobros": 64.91391872605726,
        "Lucky Dog Club": -33.97085610200364,
        "GeekPandaz": -59.898547915397145,
        "Battle Factions": 218.01607645811583,
        "Angry Orc Club": 21.065490329148275,
        "IMX Apes": -24.15073991971724,
        "Moonshot Garage Project": -63.02232006125575,
        "Zombie Squirrels": 10.919869956014537,
        "ToonCars Garage 1": -8.700000000000003,
        "TikTok Top Moments": 672.4482837008411,
        "Short Bear Cubs": -65.01457725947523,
        "IMX Toadz": -78.40630342674497,
        "Kolex": 2513.7980085348495,
        "Swift Mint: Images": -96.66666666666667,
        "IMX Chibi Club": 84.41558441558436
    },
    "changeWeek": {
        "Guild of Guardians Heroes": -6.876254260477282,
        "Gods Unchained": -32.69109876612339,
        "Guild of Guardians Pets": 0,
        "Guild of Guardians Other": -12.840079109758861,
        "Bad Grandma": -23.289961243442377,
        "Battle Catz": 0,
        "Baby Krows": -1.4210854715202004e-14,
        "Bad Grandpa": 0,
        "Astrobros": -49.79063010204629,
        "The Doge Pound Halloween": -49.978054761342584,
        "GeekPandaz": 0,
        "Battle Factions": 0,
        "Short Bear Cubs": 0,
        "IMX Punks": -57.14582952303036,
        "Moody Krows": -34.13284154569229,
        "IMX Chibi Club": -36.167146974063414,
        "Zombie Squirrels": 0,
        "Angry Orc Club": -40.943326833794764,
        "Moonshot Garage Project": -36.92429513058976,
        "Last Dragons": -65.12860988571225,
        "IMX Apes": -43.36650271774289,
        "ToonCars Garage 1": -44.153328681960666,
        "Lucky Dog Club": -32.37249184682207,
        "TikTok Top Moments": -14.697360354080402,
        "Oh My Giraffe!": -38.01832624430161,
        "Land Loot": -38.91265217989714,
        "Kolex": -0.24972965517645207,
        "CryptoCrappies": -9.180059297130285,
        "IMX Toadz": -29.27655168538635,
        "The Painter": -5.66411781365052,
        "Photocentra.com": -94.90309025236668,
        "Swift Mint: Images": -10.098913434859057,
        "CollegeKids": -24.21312675369039,
        "Bloock.Art Selected": -1.4210854715202004e-14,
        "Friendly Neighbourhood Buds": 0,
        "Unfamiliar Territory Founder Series": 0,
        "QuacksNFT": -34.68769857586064,
        "Droplt": 0,
        "Narcoz": -5.990967464438242,
        "Kolectiv": -39.91769547325102
    }
}