{
    "day":
        {
            "Gods Unchained": 14.97020040999959,
            "Battle Catz": 6.152945000000002,
            "Guild of Guardians Heroes": 21.266172237000173,
            "Guild of Guardians Pets": 20.251147526999915,
            "Moody Krows": 4.674388999999999,
            "Guild of Guardians Other": 3.379349000000001,
            "Bad Grandma": 5.73081,
            "Bad Grandpa": 6.154379000000003,
            "The Doge Pound Halloween": 3.9700300000000004,
            "Baby Krows": 1.3908,
            "Kolex": 0.0007290000000000006,
            "Oh My Giraffe!": 2.6742600000000003,
            "Zombie Squirrels": 0.81392,
            "Astrobros": 1.87091,
            "IMX Apes": 2.371000000000001,
            "Last Dragons": 1.6019070000000002,
            "IMX Punks": 5.834800999999999,
            "GeekPandaz": 1.6172689999999998,
            "IMX Toadz": 1.0708,
            "Angry Orc Club": 0.648,
            "Moonshot Garage Project": 2.3935,
            "CollegeKids": 1.483,
            "Land Loot": 0.4658999999999999,
            "Battle Factions": 0.1407,
            "IMX Chibi Club": 0.11225,
            "ToonCars Garage 1": 0.023,
            "Short Bear Cubs": 0.199,
            "Lucky Dog Club": 0.100999,
            "Bloock.Art Selected": 0.2899,
            "TikTok Top Moments": 2.5,
            "Kolectiv": 0.094
        },
    "week":{
        "Gods Unchained": 175.89917224639535,
        "Battle Catz": 58.31128300000015,
        "Guild of Guardians Heroes": 132.6760707680997,
        "Guild of Guardians Pets": 108.23842678010031,
        "Moody Krows": 102.59160499999986,
        "Guild of Guardians Other": 31.067039000000026,
        "Bad Grandma": 64.4254560000001,
        "Bad Grandpa": 8.169879000000005,
        "The Doge Pound Halloween": 51.45561300000003,
        "Baby Krows": 19.788031000000004,
        "Kolex": 0.663127,
        "Oh My Giraffe!": 11.670848989999996,
        "Zombie Squirrels": 3.0170310000000002,
        "Astrobros": 15.923386999999996,
        "IMX Apes": 22.426429999999975,
        "Last Dragons": 33.385715999999995,
        "IMX Punks": 53.22662799999996,
        "GeekPandaz": 26.581490000000027,
        "IMX Toadz": 8.012429000000003,
        "Angry Orc Club": 6.015326999999997,
        "Moonshot Garage Project": 29.989038999999963,
        "CollegeKids": 2.6761999999999997,
        "Land Loot": 3.4890600000000007,
        "Battle Factions": 3.296977,
        "IMX Chibi Club": 0.4962499999999999,
        "ToonCars Garage 1": 0.72499,
        "Short Bear Cubs": 2.115399000000001,
        "Lucky Dog Club": 0.5517990000000002,
        "Bloock.Art Selected": 1.5486,
        "Friendly Neighbourhood Buds": 0.8,
        "Unfamiliar Territory Founder Series": 1.04,
        "TikTok Top Moments": 6.319,
        "QuacksNFT": 1.8837400000000006,
        "CryptoCrappies": 0.7783790000000002,
        "Narcoz": 0.6509800000000001,
        "The Painter": 1.5849000000000004,
        "Kolectiv": 2.496,
        "Swift Mint: Images": 0.46379499999999996,
        "Droplt": 0.001,
        "Photocentra.com": 0.0341
    },
    "all":{
        "Gods Unchained": 3889.8395897798,
        "Battle Catz": 58.31128300000015,
        "Guild of Guardians Heroes": 1440.8746398520773,
        "Guild of Guardians Pets": 108.23842678010031,
        "Moody Krows": 4900.85896409985,
        "Guild of Guardians Other": 501.61717600000037,
        "Bad Grandma": 382.97812800000287,
        "Bad Grandpa": 8.169879000000005,
        "The Doge Pound Halloween": 264.19520599999896,
        "Baby Krows": 19.788031000000004,
        "Kolex": 0.663127,
        "Oh My Giraffe!": 30.53126999000002,
        "Zombie Squirrels": 3.0170310000000002,
        "Astrobros": 1947.8958708994562,
        "IMX Apes": 61.73549100000005,
        "Last Dragons": 95.34302,
        "IMX Punks": 120.55255399999969,
        "GeekPandaz": 26.581490000000027,
        "IMX Toadz": 33.30654400000002,
        "Angry Orc Club": 129.06549199999944,
        "Moonshot Garage Project": 623.3940809000036,
        "CollegeKids": 7.392019999999998,
        "Land Loot": 593.6174570000004,
        "Battle Factions": 3.296977,
        "IMX Chibi Club": 2.6546780000000005,
        "ToonCars Garage 1": 4.40909,
        "Short Bear Cubs": 2.115399000000001,
        "Lucky Dog Club": 46.04130500000008,
        "Bloock.Art Selected": 2.7685999999999997,
        "Friendly Neighbourhood Buds": 54.126799999999875,
        "Unfamiliar Territory Founder Series": 27.8663,
        "TikTok Top Moments": 127.57369,
        "QuacksNFT": 9.511892999999988,
        "CryptoCrappies": 63.935824000000274,
        "Narcoz": 10.9527379,
        "The Painter": 10.362819000000002,
        "Kolectiv": 42.50278900000002,
        "Swift Mint: Images": 32.64082899900038,
        "Droplt": 0.001,
        "Photocentra.com": 1.6959619999999753
    }



}
