{
  "day": {
    "Gods Unchained": 12.058571691499935,
    "50ETHcat": 0.39596000000000015,
    "Immutable Apes X": 8.169108000000001,
    "Guild of Guardians Pets": 1.414518900000001,
    "IMX Punks": 1.4906000000000004,
    "Guild of Guardians Heroes": 3.165851000000001,
    "IMX Apes": 0.47947720000000005,
    "The Doge Pound Halloween": 0.7842,
    "Short Bear Cubs": 0.054,
    "Moonshot Garage Project": 1.7619,
    "Astrobros": 1.2550980000000003,
    "Battle Catz": 0.27290000000000003,
    "Utopian Unicorns": 4.770296,
    "Baby Ape Mining Club": 0.6371,
    "Moody Krows": 1.5961,
    "Angry Orc Club": 0.10490999999999999,
    "Zombie Squirrels": 0.174,
    "IMX Kongz": 0.804,
    "Land Loot": 0.1285,
    "CryptoXolos": 0.36227999999999994,
    "Last Dragons": 0.7318999999999999,
    "Bad Grandpa": 0.169,
    "Kolex": 0.002025,
    "Battle Factions": 0.059,
    "IMX Bears": 1.0258000000000003,
    "Wild Turtles": 0.1,
    "Guild of Guardians Other": 1.0527,
    "Foreign Fuels": 0.184,
    "IMX Toadz": 0.075,
    "Baby Krows": 0.11100000000000002,
    "GeekPandaz": 0.0854,
    "Bad Grandma": 1.1369,
    "Oh My Giraffe!": 0.15450000000000003,
    "Confidential Comrades IMX": 0.07461000000000001,
    "GreenPark": 0.024
  },
  "week": {
    "Gods Unchained": 141.87264686409915,
    "50ETHcat": 1.521260000000001,
    "Immutable Apes X": 132.60519299999945,
    "Guild of Guardians Pets": 33.346291167000004,
    "IMX Punks": 108.61461699999923,
    "Guild of Guardians Heroes": 57.99287393199991,
    "IMX Apes": 9.4956572,
    "The Doge Pound Halloween": 6.5603789999999975,
    "Short Bear Cubs": 0.21299999999999997,
    "Moonshot Garage Project": 13.444095999999995,
    "Astrobros": 7.1946979999999945,
    "Battle Catz": 5.155549999999998,
    "Utopian Unicorns": 4.770296,
    "Baby Ape Mining Club": 5.296158,
    "Moody Krows": 21.926154624999995,
    "Angry Orc Club": 1.0071800000000002,
    "Zombie Squirrels": 4.65065,
    "IMX Kongz": 29.4946,
    "Land Loot": 0.9134700000000002,
    "CryptoXolos": 4.255577999999998,
    "Last Dragons": 5.579118999999999,
    "Bad Grandpa": 2.5153133750000003,
    "Kolex": 0.31415740000000003,
    "Battle Factions": 1.0813000000000001,
    "IMX Bears": 5.371985,
    "Wild Turtles": 0.5847,
    "Guild of Guardians Other": 15.431100000000013,
    "Foreign Fuels": 6.583671560000003,
    "IMX Toadz": 2.1316000000000006,
    "Baby Krows": 2.5530999999999997,
    "GeekPandaz": 1.1038000000000006,
    "Bad Grandma": 7.784258999999995,
    "Oh My Giraffe!": 1.8695599999999997,
    "Confidential Comrades IMX": 0.56901,
    "GreenPark": 5.902248999999997,
    "CollegeKids": 0.19499999999999998,
    "Pixel Degen Gang": 0.3199600000000001,
    "ToonCars Garage 1": 0.045,
    "Cat Club": 0.5549999999999999,
    "IMX Chibi Club": 0.15462600000000004,
    "QuacksNFT": 0.30600000000000005,
    "Immutable Ice Creams": 0.10500000000000001,
    "Lucky Dog Club": 0.3097990000000001,
    "Swift Mint: Images": 22.824403000000004,
    "Kolectiv": 0.20500000000000002,
    "Narcoz": 0.1729,
    "Nifty Nuggets": 24.572300000000002,
    "CryptoCrappies": 0.03,
    "TikTok Top Moments": 1.4,
    "The Painter": 0.02,
    "Oh my GA$": 0.0704380952,
    "NFTrack": 0.045,
    "Stage": 0.6900000000000004,
    "Unfamiliar Territory Founder Series": 0.3
  },
  "all": {
    "Gods Unchained": 4325.067897427071,
    "Immutable Apes X": 140.36835399999907,
    "Swift Mint: Images": 55.47833099900127,
    "Bad Grandpa": 24.227900374999972,
    "Bad Grandma": 407.4780600000019,
    "IMX Punks": 305.0904309999988,
    "Astrobros": 1963.960874899454,
    "Moody Krows": 4956.2342047248485,
    "Guild of Guardians Heroes": 1621.972294941648,
    "CryptoXolos": 2.591897999999999,
    "GeekPandaz": 48.01531300000005,
    "Baby Krows": 35.05933999999997,
    "Angry Orc Club": 132.85989199999963,
    "GreenPark": 9.09718299999999,
    "IMX Apes": 82.29957789999992,
    "Oh My Giraffe!": 36.10357999,
    "The Doge Pound Halloween": 286.84082399999977,
    "Foreign Fuels": 8.703352559999999,
    "IMX Chibi Club": 3.466644000000001,
    "Zombie Squirrels": 12.190250999999998,
    "Moonshot Garage Project": 653.7205179000006,
    "IMX Kongz": 157.08514000000008,
    "Guild of Guardians Other": 591.741745000001,
    "Cat Club": 0.505,
    "Guild of Guardians Pets": 230.8834009327993,
    "Battle Factions": 7.707765999999997,
    "Battle Catz": 88.31658400000009,
    "50ETHcat": 0.62,
    "Kolex": 1.3782572799999888,
    "IMX Toadz": 37.871719000000056,
    "Wild Turtles": 0.1,
    "Land Loot": 598.7127560000001,
    "Baby Ape Mining Club": 10.026899,
    "Nifty Nuggets": 24.572300000000002,
    "Narcoz": 11.250737900000003,
    "CryptoCrappies": 64.97852115000012,
    "Lucky Dog Club": 46.881604000000095,
    "Last Dragons": 104.74524100000008,
    "Immutable Ice Creams": 0.065,
    "TikTok Top Moments": 139.94878999999997,
    "Confidential Comrades IMX": 0.5174,
    "Short Bear Cubs": 2.835899000000001,
    "QuacksNFT": 10.185092999999993,
    "Oh my GA$": 0.0704380952,
    "CollegeKids": 8.342229000000001,
    "NFTrack": 0.1,
    "Stage": 0.6300000000000003,
    "Kolectiv": 42.85278900000002,
    "ToonCars Garage 1": 5.096379999999998,
    "Unfamiliar Territory Founder Series": 28.696299999999997,
    "CULTIS": 1.0898181899999997,
    "Photocentra.com": 2.4826719999999667,
    "The Painter": 10.843719,
    "Droplt": 5.3798687,
    "Friendly Neighbourhood Buds": 56.11679999999987
  },
  "changeDay": {
    "IMX Punks": -63.887100795108836,
    "Bad Grandpa": -23.46014492753622,
    "Gods Unchained": -17.14530140757202,
    "Immutable Apes X": -0.16913220027792875,
    "Guild of Guardians Heroes": -37.019345880886945,
    "The Doge Pound Halloween": -2.6322324310901593,
    "Guild of Guardians Pets": -69.14611997302778,
    "Zombie Squirrels": 117.49999999999997,
    "CollegeKids": null,
    "IMX Bears": -76.39769130858443,
    "50ETHcat": -21.6386305165248,
    "Foreign Fuels": -76.2577275290359,
    "Pixel Degen Gang": null,
    "CryptoXolos": -8.05076142131982,
    "Bad Grandma": 39.18952007835452,
    "IMX Apes": -35.49344813668776,
    "Astrobros": 30.508266611209308,
    "Moody Krows": -40.050082839134326,
    "Baby Ape Mining Club": -16.718954248366018,
    "GreenPark": -90.98317234538959,
    "IMX Kongz": -58.490371211730086,
    "Wild Turtles": 6.38297872340425,
    "Oh My Giraffe!": 0.6514657980456207,
    "Land Loot": 140.18691588785046,
    "GeekPandaz": -23.33931777378814,
    "ToonCars Garage 1": null,
    "Cat Club": null,
    "Battle Catz": 57.745664739884404,
    "IMX Chibi Club": null,
    "Angry Orc Club": 21.98837209302326,
    "Battle Factions": -58.15602836879433,
    "Last Dragons": 113.31973185660152,
    "Guild of Guardians Other": 236.20772252562995,
    "QuacksNFT": null,
    "Moonshot Garage Project": 187.89215686274508,
    "Baby Krows": 131.25000000000003,
    "Confidential Comrades IMX": 35.654545454545485,
    "Immutable Ice Creams": null,
    "Kolex": -56.45161290322581,
    "IMX Toadz": 7.142857142857139
  },
  "changeWeek": {
    "Gods Unchained": -24.557289794237292,
    "IMX Punks": 33.62863460802447,
    "Guild of Guardians Heroes": -51.90788148526451,
    "Battle Catz": -78.15050698554003,
    "Guild of Guardians Pets": -55.205744752499264,
    "CryptoCrappies": -96.57024540408597,
    "Foreign Fuels": 85.55641686888936,
    "Astrobros": -31.616452470013883,
    "Immutable Apes X": 360.81861742730894,
    "IMX Chibi Club": -74.73183645455437,
    "Zombie Squirrels": -15.97240666561872,
    "Lucky Dog Club": -36.594555873925515,
    "CULTIS": null,
    "Baby Ape Mining Club": 4.807152478973464,
    "Kolex": -9.033982470538845,
    "Moonshot Garage Project": -16.221238412499815,
    "Bad Grandpa": -79.85341057286233,
    "IMX Apes": -16.01963559395689,
    "Angry Orc Club": -37.5907003835596,
    "The Doge Pound Halloween": -59.88698443918918,
    "Bad Grandma": -54.257912503774776,