{
    "day": {
        "Gods Unchained": 17.256838688099666,
        "Guild of Guardians Heroes": 9.009285361800016,
        "Immutable Apes X": 9.732806,
        "The Doge Pound Halloween": 1.2139699999999998,
        "Guild of Guardians Pets": 6.452019989900002,
        "Astrobros": 0.9019999999999999,
        "Bad Grandpa": 0.7659990000000002,
        "Bad Grandma": 1.8572969999999998,
        "IMX Kongz": 28.899603000000017,
        "GeekPandaz": 0.8484000000000002,
        "Kolex": 0.006810999999999999,
        "Guild of Guardians Other": 6.407289999999999,
        "Moonshot Garage Project": 2.4540000000000006,
        "Baby Krows": 2.04123,
        "Battle Factions": 0.671,
        "Angry Orc Club": 0.12180000000000002,
        "Oh My Giraffe!": 0.54215,
        "Last Dragons": 0.3064,
        "IMX Punks": 2.287361,
        "Zombie Squirrels": 0.47029999999999994,
        "Battle Catz": 1.5854009999999998,
        "Moody Krows": 2.7158990000000003,
        "IMX Chibi Club": 0.0786,
        "Lucky Dog Club": 0.026,
        "Bloock.Art Selected": 0.18,
        "Land Loot": 0.14200000000000002,
        "IMX Apes": 0.705,
        "IMX Toadz": 0.2388,
        "CollegeKids": 0.059
    },
    "week": {
        "Gods Unchained": 117.26456096899959,
        "Guild of Guardians Heroes": 165.86431532129876,
        "Immutable Apes X": 9.732806,
        "The Doge Pound Halloween": 21.397827000000017,
        "Guild of Guardians Pets": 170.83934356789985,
        "Astrobros": 10.430757000000003,
        "Bad Grandpa": 16.46788799999999,
        "Bad Grandma": 33.65553099999998,
        "IMX Kongz": 28.899603000000017,
        "GeekPandaz": 45.34241300000009,
        "Kolex": 0.09554400000000023,
        "Guild of Guardians Other": 46.02730799999994,
        "Moonshot Garage Project": 19.29844199999999,
        "Baby Krows": 29.912740000000003,
        "Battle Factions": 5.492495999999996,
        "Angry Orc Club": 2.9597399999999987,
        "Oh My Giraffe!": 7.319068990000002,
        "Last Dragons": 7.750506999999997,
        "IMX Punks": 27.12924099999999,
        "Zombie Squirrels": 5.881131,
        "Battle Catz": 21.90325200000002,
        "Moody Krows": 57.93219400000009,
        "IMX Chibi Club": 0.42797000000000013,
        "Lucky Dog Club": 0.3731990000000001,
        "Bloock.Art Selected": 0.9925999999999999,
        "Land Loot": 2.6912800000000003,
        "IMX Apes": 12.725798000000003,
        "IMX Toadz": 3.8263300000000013,
        "CollegeKids": 1.2559000000000005,
        "ToonCars Garage 1": 0.36780000000000007,
        "Photocentra.com": 0.005526,
        "TikTok Top Moments": 8.0771,
        "Short Bear Cubs": 1.3894990000000007,
        "Unfamiliar Territory Founder Series": 0.52,
        "CryptoCrappies": 0.508779,
        "The Painter": 0.3189,
        "Swift Mint: Images": 0.46579499999999996,
        "QuacksNFT": 0.8279000000000003,
        "Friendly Neighbourhood Buds": 0.8,
        "Droplt": 0.0706,
        "Narcoz": 0.125,
        "Kolectiv": 0.049
    },
    "all": {
        "Gods Unchained": 4021.2345560507497,
        "Guild of Guardians Heroes": 1511.089664305265,
        "Immutable Apes X": 9.732806,
        "The Doge Pound Halloween": 273.1190549999992,
        "Guild of Guardians Pets": 170.83934356789985,
        "Astrobros": 1953.6795498994554,
        "Bad Grandpa": 16.46788799999999,
        "Bad Grandma": 394.0432210000026,
        "IMX Kongz": 28.899603000000017,
        "GeekPandaz": 45.34241300000009,
        "Kolex": 0.7480669999999998,
        "Guild of Guardians Other": 551.1657750000008,
        "Moonshot Garage Project": 635.5475429000023,
        "Baby Krows": 29.912740000000003,
        "Battle Factions": 6.214865999999995,
        "Angry Orc Club": 130.7288719999995,
        "Oh My Giraffe!": 33.634079990000004,
        "Last Dragons": 99.41642,
        "IMX Punks": 131.16364999999968,
        "Zombie Squirrels": 5.881131,
        "Battle Catz": 65.15075900000022,
        "Moody Krows": 4928.579353099849,
        "IMX Chibi Club": 3.021648000000001,
        "Lucky Dog Club": 46.30250500000008,
        "Bloock.Art Selected": 3.1986000000000003,
        "Land Loot": 595.3781370000004,
        "IMX Apes": 66.43538900000003,
        "IMX Toadz": 34.649044000000025,
        "CollegeKids": 7.949019999999997,
        "ToonCars Garage 1": 4.853889999999999,
        "Photocentra.com": 1.7023929999999754,
        "TikTok Top Moments": 133.66079000000002,
        "Short Bear Cubs": 2.346899000000001,
        "Unfamiliar Territory Founder Series": 28.3163,
        "CryptoCrappies": 64.40172300000025,
        "The Painter": 10.487819,
        "Swift Mint: Images": 32.64392899900037,
        "QuacksNFT": 9.611692999999986,
        "Friendly Neighbourhood Buds": 56.11679999999987,
        "Droplt": 0.0706,
        "Narcoz": 10.9527379,
        "Kolectiv": 42.50278900000002
    },
    "changeDay": {
        "Gods Unchained": 10.607967309490164,
        "Guild of Guardians Heroes": -43.729260988766704,
        "IMX Punks": -35.51261774067592,
        "Bad Grandpa": -58.977818002656264,
        "Angry Orc Club": -39.999999999999986,
        "Guild of Guardians Other": 18.726073341115793,
        "Lucky Dog Club": -55.85738539898132,
        "The Doge Pound Halloween": -41.47624281692316,
        "Battle Catz": 48.78012387387386,
        "Moody Krows": -56.01711768611637,
        "IMX Apes": -44.960488657176455,
        "Guild of Guardians Pets": -32.41160327077847,
        "IMX Chibi Club": -28.13385754777363,
        "Zombie Squirrels": -62.70124514235865,
        "ToonCars Garage 1": null,
        "Bad Grandma": -19.72576274263193,
        "Astrobros": -32.78087459385341,
        "CollegeKids": -79.86348122866895,
        "Battle Factions": -30.681818181818173,
        "Moonshot Garage Project": 5.288087772680711,
        "Land Loot": 69.04761904761907,
        "Kolex": -71.92497938994228,
        "Baby Krows": 32.83290709251705,
        "IMX Toadz": 0.8871989860583085,
        "Last Dragons": -22.82115869017632,
        "Oh My Giraffe!": 46.27006610009445,
        "GeekPandaz": -58.73500714987499,
        "Photocentra.com": null,
        "TikTok Top Moments": null,
        "Short Bear Cubs": null
    },
    "changeWeek": {
        "Gods Unchained": -97.08386667491078,
        "Guild of Guardians Heroes": -89.02352922931571,
        "Immutable Apes X": 0,
        "The Doge Pound Halloween": -92.16538479894781,
        "Guild of Guardians Pets": 0,
        "Astrobros": -99.4660968324853,
        "Bad Grandpa": 0,
        "Bad Grandma": -91.45892399453314,
        "IMX Kongz": 0,
        "GeekPandaz": 1.4210854715202004e-14,
        "Kolex": -87.2278819945272,
        "Guild of Guardians Other": -91.64909903921377,
        "Moonshot Garage Project": -96.96349357092292,
        "Baby Krows": 0,
        "Battle Factions": -11.623259455634283,
        "Angry Orc Club": -97.7359706737162,
        "Oh My Giraffe!": -78.23912831218786,
        "Last Dragons": -92.20399708619563,
        "IMX Punks": -79.31649431835721,
        "Zombie Squirrels": 1.4210854715202004e-14,
        "Battle Catz": -66.38066488220045,
        "Moody Krows": -98.82456606966136,
        "IMX Chibi Club": -85.83653688318428,
        "Lucky Dog Club": -99.19399825128252,
        "Bloock.Art Selected": -68.96767335709373,
        "Land Loot": -99.54797130886249,
        "IMX Apes": -80.84485062622272,
        "IMX Toadz": -88.95689589588677,
        "CollegeKids": -84.2005681203469,
        "ToonCars Garage 1": -92.42257241099406,
        "Photocentra.com": -99.67539810137846,
        "TikTok Top Moments": -93.95701611519729,
        "Short Bear Cubs": -40.79425659135735,
        "Unfamiliar Territory Founder Series": -98.16360188301438,
        "CryptoCrappies": -99.20999163329839,
        "The Painter": -96.9593296756933,
        "Swift Mint: Images": -98.57310374613833,
        "QuacksNFT": -91.38653304886037,