



{
    "day": {
        "Gods Unchained": 16.917721589999868,
        "IMX Punks": 29.77961599999999,
        "QuacksNFT": 0.0372,
        "Foreign Fuels": 2.827290000000001,
        "Bad Grandma": 0.8183999999999999,
        "CollegeKids": 0.025,
        "Moonshot Garage Project": 1.6585999999999999,
        "Guild of Guardians Pets": 4.031056999999999,
        "IMX Kongz": 7.4013,
        "Guild of Guardians Heroes": 9.941493999999953,
        "Immutable Apes X": 2.329455,
        "Bad Grandpa": 0.8821100000000001,
        "Astrobros": 0.44899999999999995,
        "The Doge Pound Halloween": 1.1884000000000003,
        "Angry Orc Club": 0.09299000000000002,
        "Lucky Dog Club": 0.049,
        "Baby Krows": 1.0885,
        "Moody Krows": 1.302,
        "Bloock.Art Selected": 0.7018790000000001,
        "Last Dragons": 0.079,
        "IMX Apes": 1.933,
        "Battle Catz": 1.7393000000000007,
        "Land Loot": 0.2159,
        "Guild of Guardians Other": 0.6848,
        "GeekPandaz": 0.18059999999999998,
        "Kolex": 0.0064340000000000005,
        "Confidential Comrades IMX": 0.263,
        "IMX Chibi Club": 0.009,
        "CULTIS": 0.5449090949999998,
        "IMX Toadz": 0.187,
        "GreenPark": 0.659,
        "ToonCars Garage 1": 0.04,
        "Oh My Giraffe!": 0.204,
        "Battle Factions": 0.038
    },
    "week": {
        "Gods Unchained": 167.68941332809985,
        "IMX Punks": 84.28273199999994,
        "QuacksNFT": 0.24839999999999998,
        "Foreign Fuels": 4.470670000000001,
        "Bad Grandma": 15.573627,
        "CollegeKids": 0.6402099999999998,
        "Moonshot Garage Project": 15.647141000000005,
        "Guild of Guardians Pets": 66.4761046768002,
        "IMX Kongz": 133.77883999999997,
        "Guild of Guardians Heroes": 108.62262537620447,
        "Immutable Apes X": 25.132596000000003,
        "Bad Grandpa": 11.352387999999971,
        "Astrobros": 8.954555,
        "The Doge Pound Halloween": 14.520638999999997,
        "Angry Orc Club": 1.3428300000000004,
        "Lucky Dog Club": 0.4657000000000002,
        "Baby Krows": 9.352919999999997,
        "Moody Krows": 29.112155000000012,
        "Bloock.Art Selected": 3.830970999999999,
        "Last Dragons": 3.5135019999999995,
        "IMX Apes": 10.2439969,
        "Battle Catz": 21.809962999999996,
        "Land Loot": 3.1729489999999987,
        "Guild of Guardians Other": 42.44651899999998,
        "GeekPandaz": 7.937486000000002,
        "Kolex": 0.295226,
        "Confidential Comrades IMX": 0.263,
        "IMX Chibi Club": 0.53307,
        "CULTIS": 0.5449090949999998,
        "IMX Toadz": 1.8523749999999999,
        "GreenPark": 1.9584030000000001,
        "ToonCars Garage 1": 0.3417900000000001,
        "Oh My Giraffe!": 3.0002999999999993,
        "Battle Factions": 2.8433990000000002,
        "Narcoz": 0.057999999999999996,
        "Zombie Squirrels": 4.84667,
        "Short Bear Cubs": 0.19799999999999998,
        "Photocentra.com": 0.274041,
        "CryptoCrappies": 0.7429181500000002,
        "TikTok Top Moments": 4.8271999999999995,
        "The Painter": 0.165,
        "Droplt": 5.3092687000000005,
        "NFTrack": 0.055,
        "Stage": 0.03,
        "Swift Mint: Images": 0.009999,
        "Unfamiliar Territory Founder Series": 0.38,
        "Kolectiv": 0.065
    },
    "all": {
        "Gods Unchained": 4190.692496646402,
        "IMX Punks": 209.12794100000002,
        "QuacksNFT": 9.86009299999999,
        "Foreign Fuels": 4.470670000000001,
        "Bad Grandma": 401.63450100000233,
        "CollegeKids": 8.102229999999999,
        "Moonshot Garage Project": 644.4308219000015,
        "Guild of Guardians Pets": 202.59696844579966,
        "IMX Kongz": 133.77883999999997,
        "Guild of Guardians Heroes": 1577.1902866356597,
        "Immutable Apes X": 25.132596000000003,
        "Bad Grandpa": 22.037406999999988,
        "Astrobros": 1958.8197248994547,
        "The Doge Pound Halloween": 281.7317449999995,
        "Angry Orc Club": 131.83272199999968,
        "Lucky Dog Club": 46.64780500000009,
        "Baby Krows": 33.20174,
        "Moody Krows": 4943.356609099847,
        "Bloock.Art Selected": 6.689571,
        "Last Dragons": 101.46012200000004,
        "IMX Apes": 75.19628789999982,
        "Battle Catz": 84.50483400000012,
        "Land Loot": 598.1630860000002,
        "Guild of Guardians Other": 574.5881550000005,
        "GeekPandaz": 47.09591300000005,
        "Kolex": 1.0170059999999947,
        "Confidential Comrades IMX": 0.263,
        "IMX Chibi Club": 3.2617480000000008,
        "CULTIS": 0.5449090949999998,
        "IMX Toadz": 36.61591900000003,
        "GreenPark": 1.9584030000000001,
        "ToonCars Garage 1": 5.000879999999998,
        "Oh My Giraffe!": 34.71096999,
        "Battle Factions": 6.962365999999997,
        "Narcoz": 11.080737900000003,
        "Zombie Squirrels": 8.481600999999998,
        "Short Bear Cubs": 2.5638990000000006,
        "Photocentra.com": 2.303056999999969,
        "CryptoCrappies": 64.91164115000012,
        "TikTok Top Moments": 137.66079,
        "The Painter": 10.744819,
        "Droplt": 5.3798687,
        "NFTrack": 0.055,
        "Stage": 0.03,
        "Swift Mint: Images": 32.65392799900037,
        "Unfamiliar Territory Founder Series": 28.3963,
        "Kolectiv": 42.627789000000014,
        "Friendly Neighbourhood Buds": 56.11679999999987
    },
    "changeDay": {
        "Gods Unchained": -31.7690593131219,
        "Foreign Fuels": 72.04115907459027,
        "IMX Punks": 31.06319677733532,
        "The Doge Pound Halloween": -13.33770874352804,
        "Bad Grandma": -44.10599644857265,
        "Guild of Guardians Heroes": -5.225666204648562,
        "IMX Kongz": -54.36167201795121,
        "Astrobros": -66.62915853453697,
        "Bloock.Art Selected": -60.10335127097282,
        "Narcoz": null,
        "Lucky Dog Club": -23.07692307692308,
        "Battle Catz": -74.13414907997995,
        "Bad Grandpa": -36.54154248129035,
        "Guild of Guardians Pets": -30.257552052200097,
        "Immutable Apes X": -54.43962591071172,
        "Battle Factions": -83.2967032967033,
        "GeekPandaz": -41.74193548387098,
        "Moody Krows": -63.41052158273381,
        "Moonshot Garage Project": 89.58028529626918,
        "Angry Orc Club": -56.09744582408761,
        "Zombie Squirrels": null,
        "Land Loot": -84.27473688043993,
        "IMX Apes": 39.84951526551873,
        "GreenPark": 1332.608695652174,
        "Short Bear Cubs": null,
        "ToonCars Garage 1": -50.30438563796746,
        "Baby Krows": 60.42741341193812,
        "Guild of Guardians Other": -25.158469945355208,
        "Oh My Giraffe!": -36.46641128655517,
        "Kolex": -65.22162162162161,
        "Photocentra.com": null,
        "IMX Toadz": 117.44186046511629,
        "IMX Chibi Club": -53.84615384615384,
        "Last Dragons": -66.72283066554338
    },
    "changeWeek": {
        "Gods Unchained": -95.99852736839334,
        "IMX Punks": -59.698005155609536,
        "QuacksNFT": -97.4807539847748,
        "Foreign Fuels": 0,
        "Bad Grandma": -96.12243794763042,
        "CollegeKids": -92.09834823252363,
        "Moonshot Garage Project": -97.57194403677545,
        "Guild of Guardians Pets": -67.18800622400013,
        "IMX Kongz": 0,
        "Guild of Guardians Heroes": -93.112902970769,
        "Immutable Apes X": 0,
        "Bad Grandpa": -48.485826848866665,
        "Astrobros": -99.5428596676777,
        "The Doge Pound Halloween": -94.84593438343272,
        "Angry Orc Club": -98.98141373429276,
        "Lucky Dog Club": -99.0016679241392,
        "Baby Krows": -71.83003059478209,
        "Moody Krows": -99.41108527460047,
        "Bloock.Art Selected": -42.73218716117971,
        "Last Dragons": -96.53706113225451,
        "IMX Apes": -86.37699122379148,
        "Battle Catz": -74.19086936494074,
        "Land Loot": -99.46955118524315,