{
    "day":{
        "Gods Unchained": 12.515788559999756,
        "Guild of Guardians Heroes": 47.97004752109957,
        "IMX Punks": 5.363429,
        "Guild of Guardians Pets": 49.291480451099865,
        "Moonshot Garage Project": 2.5679000000000003,
        "Bad Grandpa": 3.366448999999998,
        "Zombie Squirrels": 2.6130310000000008,
        "Oh My Giraffe!": 1.1482,
        "Bad Grandma": 13.025499000000003,
        "Battle Catz": 3.1090390000000006,
        "Last Dragons": 1.2484000000000002,
        "Guild of Guardians Other": 8.419979999999999,
        "The Doge Pound Halloween": 2.684200000000001,
        "IMX Apes": 3.4181999999999997,
        "Moody Krows": 6.599690000000001,
        "Angry Orc Club": 0.49369999999999997,
        "Astrobros": 1.047499,
        "GeekPandaz": 13.186340000000003,
        "Land Loot": 0.31439999999999996,
        "Battle Factions": 0.580491,
        "Baby Krows": 2.4555900000000004,
        "Short Bear Cubs": 0.084,
        "Bloock.Art Selected": 0.19,
        "Friendly Neighbourhood Buds": 0.8,
        "Unfamiliar Territory Founder Series": 0.07,
        "Lucky Dog Club": 0.015,
        "IMX Toadz": 0.075,
        "TikTok Top Moments": 2.5,
        "QuacksNFT": 0.19,
        "CollegeKids": 0.1769,
        "CryptoCrappies": 0.100879,
        "ToonCars Garage 1": 0.05,
        "Kolex": 0.0045000000000000005,
        "IMX Chibi Club": 0.037
    },
    "week":{
        "Gods Unchained": 145.7167482066998,
        "Guild of Guardians Heroes": 116.29293041109952,
        "IMX Punks": 75.2895249999999,
        "Guild of Guardians Pets": 90.46660845109999,
        "Moonshot Garage Project": 33.77693899999997,
        "Bad Grandpa": 3.366448999999998,
        "Zombie Squirrels": 2.6130310000000008,
        "Oh My Giraffe!": 10.248788989999994,
        "Bad Grandma": 63.18401500000005,
        "Battle Catz": 53.2386380000001,
        "Last Dragons": 42.16834000000001,
        "Guild of Guardians Other": 26.661668000000024,
        "The Doge Pound Halloween": 61.05846900000014,
        "IMX Apes": 23.349819999999983,
        "Moody Krows": 114.25160599999984,
        "Angry Orc Club": 6.222596999999996,
        "Astrobros": 19.318766000000014,
        "GeekPandaz": 24.964221000000016,
        "Land Loot": 3.9289500000000004,
        "Battle Factions": 3.156277,
        "Baby Krows": 18.397231000000005,
        "Short Bear Cubs": 1.9163990000000006,
        "Bloock.Art Selected": 1.3286999999999998,
        "Friendly Neighbourhood Buds": 0.8,
        "Unfamiliar Territory Founder Series": 1.04,
        "Lucky Dog Club": 0.6613899999999999,
        "IMX Toadz": 8.301609000000003,
        "TikTok Top Moments": 8.069,
        "QuacksNFT": 2.23324,
        "CollegeKids": 1.6704999999999997,
        "Kolex": 0.662398,
        "CryptoCrappies": 0.7783790000000002,
        "Narcoz": 0.6889800000000001,
        "The Painter": 1.7629000000000004,
        "ToonCars Garage 1": 0.9659899999999999,
        "Kolectiv": 1.973,
        "Swift Mint: Images": 0.516243,
        "IMX Chibi Club": 0.38399999999999995,
        "Droplt": 0.001,
        "Photocentra.com": 0.07402799999999998
    }



}
