





{
    "day": {
        "Bad Grandma": 1.1206900000000004,
        "Gods Unchained": 14.367790900999719,
        "IMX Punks": 18.056855000000024,
        "Guild of Guardians Heroes": 10.90737700000004,
        "Immutable Apes X": 1.1909900000000002,
        "Battle Catz": 1.2996500000000002,
        "Kolex": 0.0005740000000000001,
        "Astrobros": 0.8119000000000002,
        "Land Loot": 0.2099,
        "Foreign Fuels": 2.1921990000000005,
        "IMX Kongz": 6.100900000000002,
        "Guild of Guardians Pets": 3.952448999999997,
        "Bloock.Art Selected": 0.6199090000000002,
        "GeekPandaz": 0.1936,
        "Moody Krows": 1.2309999999999999,
        "The Doge Pound Halloween": 0.6449,
        "Bad Grandpa": 0.7668200000000003,
        "GreenPark": 0.7759,
        "Moonshot Garage Project": 2.6700860000000004,
        "IMX Toadz": 0.055,
        "Battle Factions": 0.063,
        "Guild of Guardians Other": 1.5251,
        "Baby Krows": 0.5304,
        "Zombie Squirrels": 0.11900000000000001,
        "Angry Orc Club": 0.21590000000000006,
        "QuacksNFT": 0.107,
        "IMX Apes": 0.8829999999999998,
        "Last Dragons": 0.304,
        "IMX Chibi Club": 0.033856,
        "CollegeKids": 0.025,
        "Oh My Giraffe!": 0.026,
        "Lucky Dog Club": 0.038,
        "Confidential Comrades IMX": 0.183,
        "CULTIS": 0.24218182
    },
    "week": {
        "Bad Grandma": 15.196417000000006,
        "Gods Unchained": 168.72405214109278,
        "IMX Punks": 93.50061700000006,
        "Guild of Guardians Heroes": 109.88588490770306,
        "Immutable Apes X": 26.236596,
        "Battle Catz": 21.220576999999995,
        "Kolex": 0.29476299999999994,
        "Astrobros": 8.617455000000001,
        "Land Loot": 3.254848999999999,
        "Foreign Fuels": 5.084279000000003,
        "IMX Kongz": 137.96434000000002,
        "Guild of Guardians Pets": 61.154827677799986,
        "Bloock.Art Selected": 5.3718999999999975,
        "GeekPandaz": 7.459828000000001,
        "Moody Krows": 27.468155000000007,
        "The Doge Pound Halloween": 13.489580000000004,
        "Bad Grandpa": 11.196697999999977,
        "GreenPark": 3.974302999999999,
        "Moonshot Garage Project": 15.772913000000004,
        "IMX Toadz": 1.8073749999999995,
        "Battle Factions": 2.5974999999999997,
        "Guild of Guardians Other": 38.22982,
        "Baby Krows": 8.583819999999998,
        "Zombie Squirrels": 4.20667,
        "Angry Orc Club": 1.4044300000000003,
        "QuacksNFT": 0.36340000000000006,
        "IMX Apes": 10.052496899999998,
        "Last Dragons": 3.1151020000000003,
        "IMX Chibi Club": 0.557926,
        "CollegeKids": 0.5642099999999999,
        "Oh My Giraffe!": 2.612869999999999,
        "Lucky Dog Club": 0.4477000000000002,
        "Confidential Comrades IMX": 0.263,
        "CULTIS": 0.5449090949999998,
        "ToonCars Garage 1": 0.3267900000000001,
        "Narcoz": 0.057999999999999996,
        "Short Bear Cubs": 0.19799999999999998,
        "Photocentra.com": 0.274041,
        "CryptoCrappies": 0.45491815,
        "TikTok Top Moments": 4.8271999999999995,
        "The Painter": 0.11,
        "Droplt": 5.3092687000000005,
        "NFTrack": 0.055,
        "Stage": 0.03,
        "Swift Mint: Images": 0.009999,
        "Unfamiliar Territory Founder Series": 0.38,
        "Kolectiv": 0.065
    },
    "all": {
        "Gods Unchained": 4190.692496646402,
        "IMX Punks": 209.12794100000002,
        "QuacksNFT": 9.86009299999999,
        "Foreign Fuels": 4.470670000000001,
        "Bad Grandma": 401.63450100000233,
        "CollegeKids": 8.102229999999999,
        "Moonshot Garage Project": 644.4308219000015,
        "Guild of Guardians Pets": 202.59696844579966,
        "IMX Kongz": 133.77883999999997,
        "Guild of Guardians Heroes": 1577.1902866356597,
        "Immutable Apes X": 25.132596000000003,
        "Bad Grandpa": 22.037406999999988,
        "Astrobros": 1958.8197248994547,
        "The Doge Pound Halloween": 281.7317449999995,
        "Angry Orc Club": 131.83272199999968,
        "Lucky Dog Club": 46.64780500000009,
        "Baby Krows": 33.20174,
        "Moody Krows": 4943.356609099847,
        "Bloock.Art Selected": 6.689571,
        "Last Dragons": 101.46012200000004,
        "IMX Apes": 75.19628789999982,
        "Battle Catz": 84.50483400000012,
        "Land Loot": 598.1630860000002,
        "Guild of Guardians Other": 574.5881550000005,
        "GeekPandaz": 47.09591300000005,
        "Kolex": 1.0170059999999947,
        "Confidential Comrades IMX": 0.263,
        "IMX Chibi Club": 3.2617480000000008,
        "CULTIS": 0.5449090949999998,
        "IMX Toadz": 36.61591900000003,
        "GreenPark": 1.9584030000000001,
        "ToonCars Garage 1": 5.000879999999998,
        "Oh My Giraffe!": 34.71096999,
        "Battle Factions": 6.962365999999997,
        "Narcoz": 11.080737900000003,
        "Zombie Squirrels": 8.481600999999998,
        "Short Bear Cubs": 2.5638990000000006,
        "Photocentra.com": 2.303056999999969,
        "CryptoCrappies": 64.91164115000012,
        "TikTok Top Moments": 137.66079,
        "The Painter": 10.744819,
        "Droplt": 5.3798687,
        "NFTrack": 0.055,
        "Stage": 0.03,
        "Swift Mint: Images": 32.65392799900037,
        "Unfamiliar Territory Founder Series": 28.3963,
        "Kolectiv": 42.627789000000014,
        "Friendly Neighbourhood Buds": 56.11679999999987
    },
    "changeDay": {
        "Gods Unchained": -38.9181863284554,
        "IMX Punks": -41.984688358533404,
        "Guild of Guardians Heroes": -4.282925491025551,
        "Foreign Fuels": -24.199918397831297,
        "GeekPandaz": -42.721893491124256,
        "Baby Krows": -50.08000000000001,
        "IMX Kongz": -40.06915588561773,
        "Bloock.Art Selected": -42.66456529198656,
        "Astrobros": -40.87903029667528,
        "Angry Orc Club": 62.955694769416624,
        "Battle Catz": -62.9972866859702,
        "CULTIS": -20,
        "Immutable Apes X": -68.40582016898121,
        "Guild of Guardians Pets": -39.745266683802036,
        "Moody Krows": -53.545416808181436,
        "Confidential Comrades IMX": 128.75,
        "IMX Toadz": -79.85347985347985,
        "GreenPark": -41.66165413533834,
        "IMX Apes": -41.48442677269717,
        "The Doge Pound Halloween": -60.80350088129825,
        "Land Loot": -34.793414103758934,
        "Bad Grandma": -16.316457586618824,
        "ToonCars Garage 1": null,
        "Lucky Dog Club": 5.849582172701943,
        "Moonshot Garage Project": 166.50756577634058,
        "Bad Grandpa": -22.078186017728044,
        "Oh My Giraffe!": -88.88413852073536,
        "Guild of Guardians Other": -3.6515256807126235,
        "Battle Factions": -59.61538461538461,
        "Kolex": -97.65714285714286,
        "QuacksNFT": 381.9819819819819,
        "Narcoz": null,
        "Zombie Squirrels": 8.181818181818187,
        "Short Bear Cubs": null,
        "Photocentra.com": null
    },
    "changeWeek": {
        "Gods Unchained": 21.649628772517616,
        "Guild of Guardians Heroes": -27.551810313200008,
        "Guild of Guardians Pets": -58.08271291732081,
        "Oh My Giraffe!": -73.39907774137168,
        "Angry Orc Club": -71.1425628448502,
        "IMX Punks": 109.24509678752727,
        "GeekPandaz": -81.25298536128481,
        "Bad Grandpa": -2.134541931939296,
        "IMX Apes": -47.29923558310572,
        "Bad Grandma": -66.83549126603157,
        "Moody Krows": -70.49623098137123,
        "Battle Catz": -66.92352763860822,
        "Baby Krows": -65.58186867427273,
        "Guild of Guardians Other": 21.62301282395518,
        "Moonshot Garage Project": -45.23950652722082,
        "The Doge Pound Halloween": -66.69171326988398,
        "CryptoCrappies": -51.87472164302813,
        "Astrobros": -36.52241803448954,
        "Last Dragons": -89.20968165030835,
        "Kolex": -59.19574519333926,